id;date;nombre_heure;justificatif
1;2020-07-22;26268;Notification d'heure Supplémentaire
2;2020-07-21;95999;Notification d'heure Supplémentaire
3;2020-07-21;88991;Notification d'heure Supplémentaire
4;2020-07-21;2487;Notification d'heure Supplémentaire
5;2020-07-21;39421;Notification d'heure Supplémentaire
6;2020-07-22;94240;Notification d'heure Supplémentaire
7;2020-07-22;68584;Notification d'heure Supplémentaire
8;2020-07-21;19481;Notification d'heure Supplémentaire
9;2020-07-21;5744;Notification d'heure Supplémentaire
10;2020-07-21;72812;Notification d'heure Supplémentaire
